Threads,Stations,Execution Time,Hottest Avg Temp,Coldest Avg Temp,Highest Temp,Highest Station
16,10000,0.00884068,22.2608,17.2799,39.99,6877
16,20000,0.0213205,22.2201,17.5402,39.99,3750
16,40000,0.0395823,22.5952,17.5165,39.99,35006
16,80000,0.110978,22.5317,17.5683,39.99,65007
16,160000,0.340577,22.9769,16.9109,39.99,50005
