Threads,Stations,Execution Time,Hottest Avg Temp,Coldest Avg Temp,Highest Temp,Highest Station
16,10000,0.0152164,22.0839,17.8625,39.99,9378
16,20000,0.0393559,22.2893,17.6101,39.99,8760
16,40000,0.0735657,22.6656,17.5432,39.99,20000
16,80000,0.144029,22.4957,17.4887,39.99,65002
16,160000,0.333698,22.4568,17.4689,39.99,150007
